# system info rs232uart on 2020.08.03.17:54:03
system_info:
name,value
DEVICE,EP4CE115F29C7
DEVICE_FAMILY,Cyclone IV E
GENERATION_ID,1596452041
#
#
# Files generated for rs232uart on 2020.08.03.17:54:03
files:
filepath,kind,attributes,module,is_top
simulation/rs232uart.v,VERILOG,,rs232uart,true
simulation/submodules/altera_up_rs232_counters.v,VERILOG,,rs232uart_rs232_0,false
simulation/submodules/altera_up_rs232_in_deserializer.v,VERILOG,,rs232uart_rs232_0,false
simulation/submodules/altera_up_rs232_out_serializer.v,VERILOG,,rs232uart_rs232_0,false
simulation/submodules/altera_up_sync_fifo.v,VERILOG,,rs232uart_rs232_0,false
simulation/submodules/rs232uart_rs232_0.v,VERILOG,,rs232uart_rs232_0,false
#
# Map from instance-path to kind of module
instances:
instancePath,module
rs232uart.rs232_0,rs232uart_rs232_0
