{
	"partitions" : [
		{
			"name" : "Top",
			"pins" : [
				{
					"name" : "out_valid",
					"strict" : false
				},
				{
					"name" : "CHECK3",
					"strict" : false
				},
				{
					"name" : "CHECK2",
					"strict" : false
				},
				{
					"name" : "CHECK1",
					"strict" : false
				},
				{
					"name" : "svppm_mod",
					"strict" : false
				},
				{
					"name" : "ber_out[15]",
					"strict" : false
				},
				{
					"name" : "ber_out[14]",
					"strict" : false
				},
				{
					"name" : "ber_out[13]",
					"strict" : false
				},
				{
					"name" : "ber_out[12]",
					"strict" : false
				},
				{
					"name" : "ber_out[11]",
					"strict" : false
				},
				{
					"name" : "ber_out[10]",
					"strict" : false
				},
				{
					"name" : "ber_out[9]",
					"strict" : false
				},
				{
					"name" : "ber_out[8]",
					"strict" : false
				},
				{
					"name" : "ber_out[7]",
					"strict" : false
				},
				{
					"name" : "ber_out[6]",
					"strict" : false
				},
				{
					"name" : "ber_out[5]",
					"strict" : false
				},
				{
					"name" : "ber_out[4]",
					"strict" : false
				},
				{
					"name" : "ber_out[3]",
					"strict" : false
				},
				{
					"name" : "ber_out[2]",
					"strict" : false
				},
				{
					"name" : "ber_out[1]",
					"strict" : false
				},
				{
					"name" : "ber_out[0]",
					"strict" : false
				},
				{
					"name" : "out[2]",
					"strict" : false
				},
				{
					"name" : "out[1]",
					"strict" : false
				},
				{
					"name" : "out[0]",
					"strict" : false
				},
				{
					"name" : "z1[6]",
					"strict" : false
				},
				{
					"name" : "z1[5]",
					"strict" : false
				},
				{
					"name" : "z1[4]",
					"strict" : false
				},
				{
					"name" : "z1[3]",
					"strict" : false
				},
				{
					"name" : "z1[2]",
					"strict" : false
				},
				{
					"name" : "z1[1]",
					"strict" : false
				},
				{
					"name" : "z1[0]",
					"strict" : false
				},
				{
					"name" : "z2[6]",
					"strict" : false
				},
				{
					"name" : "z2[5]",
					"strict" : false
				},
				{
					"name" : "z2[4]",
					"strict" : false
				},
				{
					"name" : "z2[3]",
					"strict" : false
				},
				{
					"name" : "z2[2]",
					"strict" : false
				},
				{
					"name" : "z2[1]",
					"strict" : false
				},
				{
					"name" : "z2[0]",
					"strict" : false
				},
				{
					"name" : "z3[6]",
					"strict" : false
				},
				{
					"name" : "z3[5]",
					"strict" : false
				},
				{
					"name" : "z3[4]",
					"strict" : false
				},
				{
					"name" : "z3[3]",
					"strict" : false
				},
				{
					"name" : "z3[2]",
					"strict" : false
				},
				{
					"name" : "z3[1]",
					"strict" : false
				},
				{
					"name" : "z3[0]",
					"strict" : false
				},
				{
					"name" : "z4[6]",
					"strict" : false
				},
				{
					"name" : "z4[5]",
					"strict" : false
				},
				{
					"name" : "z4[4]",
					"strict" : false
				},
				{
					"name" : "z4[3]",
					"strict" : false
				},
				{
					"name" : "z4[2]",
					"strict" : false
				},
				{
					"name" : "z4[1]",
					"strict" : false
				},
				{
					"name" : "z4[0]",
					"strict" : false
				},
				{
					"name" : "z5[6]",
					"strict" : false
				},
				{
					"name" : "z5[5]",
					"strict" : false
				},
				{
					"name" : "z5[4]",
					"strict" : false
				},
				{
					"name" : "z5[3]",
					"strict" : false
				},
				{
					"name" : "z5[2]",
					"strict" : false
				},
				{
					"name" : "z5[1]",
					"strict" : false
				},
				{
					"name" : "z5[0]",
					"strict" : false
				},
				{
					"name" : "delay[1]",
					"strict" : false
				},
				{
					"name" : "delay[0]",
					"strict" : false
				},
				{
					"name" : "delay[3]",
					"strict" : false
				},
				{
					"name" : "delay[2]",
					"strict" : false
				},
				{
					"name" : "rst_compareber",
					"strict" : false
				},
				{
					"name" : "rst_fifodelay",
					"strict" : false
				},
				{
					"name" : "rst_PRBS",
					"strict" : false
				},
				{
					"name" : "nd[2]",
					"strict" : false
				},
				{
					"name" : "nd[1]",
					"strict" : false
				},
				{
					"name" : "nd[0]",
					"strict" : false
				},
				{
					"name" : "enable_demod",
					"strict" : false
				},
				{
					"name" : "reset_counter3bit",
					"strict" : false
				},
				{
					"name" : "svppm_demod",
					"strict" : false
				}
			]
		}
	]
}