# system info unnamed on 2020.08.03.14:35:09
system_info:
name,value
DEVICE,EP4CE115F29C7
DEVICE_FAMILY,Cyclone IV E
GENERATION_ID,1596440108
#
#
# Files generated for unnamed on 2020.08.03.14:35:09
files:
filepath,kind,attributes,module,is_top
simulation/unnamed.v,VERILOG,,unnamed,true
simulation/submodules/altera_up_rs232_counters.v,VERILOG,,unnamed_rs232_0,false
simulation/submodules/altera_up_rs232_in_deserializer.v,VERILOG,,unnamed_rs232_0,false
simulation/submodules/altera_up_rs232_out_serializer.v,VERILOG,,unnamed_rs232_0,false
simulation/submodules/altera_up_sync_fifo.v,VERILOG,,unnamed_rs232_0,false
simulation/submodules/unnamed_rs232_0.v,VERILOG,,unnamed_rs232_0,false
#
# Map from instance-path to kind of module
instances:
instancePath,module
unnamed.rs232_0,unnamed_rs232_0
